x,y,code,name
-117.53986461461355,-28.58124161127814,C00001,Name_C00001
-803.5492644113606,-106.40563515616715,C00002,Name_C00002
-321.04214611091646,-778.5478014823186,C00003,Name_C00003
-984.5046554570303,-21.280298683749862,C00004,Name_C00004
-756.6992687671369,-890.4601658555473,C00005,Name_C00005
-715.3730797055031,931.8982131812412,C00006,Name_C00006
-35.85352663659728,298.85116449047786,C00007,Name_C00007
-96.56190766905632,129.81757818585768,C00008,Name_C00008
-238.97575403002133,-603.671697739037,C00009,Name_C00009
728.6893802211657,-231.75387050838026,C00010,Name_C00010
-235.11064884668096,518.6073075701689,C00011,Name_C00011
-79.44880521099584,122.39328044212044,C00012,Name_C00012
5.163340484102051,907.6438886473354,C00013,Name_C00013
166.9875391574692,736.4789936209688,C00014,Name_C00014
761.133444243993,-111.2991539235814,C00015,Name_C00015
4.643578134656508,259.45517528658945,C00016,Name_C00016
-126.05918930140173,-263.49607713133906,C00017,Name_C00017
-37.926648587209655,408.8105913004928,C00018,Name_C00018
191.28295624325392,-648.3269533610395,C00019,Name_C00019
459.21289274734136,-147.10725407081532,C00020,Name_C00020
650.5433506294182,964.3357587518872,C00021,Name_C00021
693.9158113271765,-526.8223915390137,C00022,Name_C00022
307.66104178089535,794.6080012700312,C00023,Name_C00023
-139.46867937132834,863.8581724256593,C00025,Name_C00025
386.3377741561966,-628.7740355058368,C00026,Name_C00026
11.478120438999866,-879.0182228177821,C00027,Name_C00027
-849.2641750547241,516.4344679124715,C00028,Name_C00028
-594.4447981620476,31.325064158913328,C00029,Name_C00029
-544.1767459666586,349.92207480767433,C00030,Name_C00030
-972.8047074950044,809.7599814824754,C00031,Name_C00031
-546.4496835127078,365.0027874172501,C00032,Name_C00032
-727.3159061864372,829.0400856699297,C00033,Name_C00033
-688.8786033892607,-438.6248449186092,C00034,Name_C00034
-984.6989318166219,597.6615310148295,C00036,Name_C00036
787.0255283651693,450.557761541829,C00037,Name_C00037
660.5273740831365,-1051.949814486769,C00038,Name_C00038
845.137950868202,-980.9314215858849,C00039,Name_C00039
-756.1089309799447,-112.4085745999975,C00041,Name_C00041
295.4495723013786,716.3051455351662,C00043,Name_C00043
-698.320502774342,1030.9778677370468,C00044,Name_C00044
826.9334362479786,900.948238089813,C00045,Name_C00045
-692.5037662007248,-977.1954546762374,C00046,Name_C00046
533.939826966341,608.8793477190094,C00047,Name_C00047
988.3363590040686,-621.7883080219544,C00048,Name_C00048
-903.1311835151466,-365.2249623932219,C00049,Name_C00049
-678.2431561833672,-420.8263797778866,C00050,Name_C00050
723.7990830612275,223.4000729785167,C00051,Name_C00051
609.6844962584175,513.9860052393705,C00052,Name_C00052
725.1593017343044,79.55642278353308,C00053,Name_C00053
245.15980263574863,886.7385639105669,C00054,Name_C00054
-722.953875727327,-459.1637689633345,C00055,Name_C00055
573.247495733356,-114.11788266042468,C00057,Name_C00057
174.73548314859778,508.0883331829905,C00058,Name_C00058
-150.81947472789955,721.4412426569588,C00059,Name_C00059
612.4853461838132,893.8804271034033,C00060,Name_C00060
-607.8078386063884,988.1244987973093,C00061,Name_C00061
187.8814826432446,866.2249814480172,C00062,Name_C00062
-110.99290512810741,140.14757623090884,C00063,Name_C00063
-705.5367946851129,-565.0967322268773,C00064,Name_C00064
186.5595155608673,-842.8116510014028,C00065,Name_C00065
-769.2254134054817,287.4974147077602,C00066,Name_C00066
5.42218914077273,199.78531607034975,C00067,Name_C00067
265.48704283820365,-917.3903020004273,C00068,Name_C00068
-377.2202706723587,-650.304782471181,C00069,Name_C00069
806.5463796349625,853.550930013156,C00072,Name_C00072
-249.534580337328,-302.37186817623933,C00073,Name_C00073
320.94661650415026,776.7684592554916,C00074,Name_C00074
830.9223001354258,159.7529104304463,C00075,Name_C00075
69.8170330492503,-141.63830661318582,C00076,Name_C00076
-817.1668840645893,430.9103177095303,C00077,Name_C00077
267.2151875239521,-809.5764325684842,C00078,Name_C00078
640.7265802560877,944.3622812412217,C00079,Name_C00079
136.63476451861925,-116.18067646516373,C00080,Name_C00080
-915.3581396857281,-663.7461456594141,C00081,Name_C00081
313.97251213791435,-379.39682369911316,C00082,Name_C00082
742.4797232678884,601.14463494489,C00083,Name_C00083
703.3046870079379,-857.1096415514634,C00084,Name_C00084
970.322056705611,-355.20764337125416,C00085,Name_C00085
341.5440530623506,592.5418239277271,C00086,Name_C00086
-891.600588320881,-560.7784066454615,C00087,Name_C00087
523.6584635015405,-813.8710824647511,C00088,Name_C00088
-840.8191638609426,688.9614834367313,C00089,Name_C00089
-671.6081183997669,-564.384613460008,C00090,Name_C00090
224.09240544549797,-250.37984836987846,C00091,Name_C00091
-910.8870589865631,-871.1246909335573,C00092,Name_C00092
-158.05163322113123,-780.940854978794,C00093,Name_C00093
237.79697941088682,-502.5163340219073,C00094,Name_C00094
523.4801688624741,-805.9896761837348,C00095,Name_C00095
340.3449189789975,-623.167591506661,C00096,Name_C00096
-665.766100548273,-739.9734694483827,C00097,Name_C00097
785.8331259947234,-343.9601723286726,C00099,Name_C00099
620.6105372371062,371.26073906891656,C00100,Name_C00100
-718.4637548245386,532.9310890559641,C00101,Name_C00101
-1020.4928066690608,-601.0162012989103,C00102,Name_C00102
786.4717906031924,55.9969772304906,C00103,Name_C00103
697.1088316597072,634.8473967708271,C00104,Name_C00104
914.0505520219383,174.44794825635876,C00105,Name_C00105
62.76296792554939,-649.8189791019279,C00106,Name_C00106
172.770443629868,-900.3555260751275,C00107,Name_C00107
36.25359873609771,-916.8946324448661,C00108,Name_C00108
208.6353973215283,344.9509377022557,C00109,Name_C00109
789.5818816701158,-51.821173595079074,C00110,Name_C00110
-722.0628101590703,434.5682677785692,C00111,Name_C00111
-712.0013394134997,866.1161619764936,C00112,Name_C00112
-888.4265206074226,-59.02149652636001,C00113,Name_C00113
599.3932962134497,-400.9586976520303,C00114,Name_C00114
3.5689423937453455,419.8066295180066,C00115,Name_C00115
1071.8767065153108,720.645074796671,C00116,Name_C00116
929.4294893635274,308.11836801767276,C00117,Name_C00117
-910.0329133239869,593.671167206636,C00118,Name_C00118
600.0494961449331,-150.48268337908067,C00119,Name_C00119
116.89027869484543,146.25112896956205,C00120,Name_C00120
269.2589488654097,-138.9384166185873,C00121,Name_C00121
22.676050467391,-563.0912732510935,C00122,Name_C00122
-244.11744908191378,21.852188684420078,C00123,Name_C00123
-514.424845357022,551.7781303975158,C00124,Name_C00124
845.7301334077334,263.0990040898883,C00125,Name_C00125
-215.2727394517617,-427.9590474457139,C00126,Name_C00126
641.3519673746622,854.8172640931102,C00127,Name_C00127
804.0593996319159,942.3674603526254,C00128,Name_C00128
-504.7363820229569,944.8186768504873,C00129,Name_C00129
-239.829150999611,1012.8684963365076,C00130,Name_C00130
491.6376034901684,153.03241412498716,C00131,Name_C00131
147.22544962172628,-747.9382282156582,C00132,Name_C00132
-37.8285095912771,-207.52505990282626,C00133,Name_C00133
-156.83331577118818,-606.9435954298405,C00134,Name_C00134
-739.4364994128204,298.1237316899159,C00135,Name_C00135
-384.92674990515627,-405.1037820625813,C00136,Name_C00136
399.9050382669137,-810.3285549472446,C00137,Name_C00137
-336.1316871698122,302.9697327107131,C00138,Name_C00138
71.23281807265258,928.1933837026927,C00139,Name_C00139
-117.84436199970068,288.6898020171468,C00140,Name_C00140
339.05264164348785,-930.289082266119,C00141,Name_C00141
377.85897283918473,177.4056558102442,C00142,Name_C00142
680.6301504431926,-492.9205433725375,C00143,Name_C00143
767.8618467271733,-374.5115896657523,C00144,Name_C00144
-91.11774060009034,432.1833446508408,C00145,Name_C00145
-571.5808419084351,76.84907836759409,C00146,Name_C00146
-778.3998073064948,-95.72451482165312,C00147,Name_C00147
-117.744523218656,-549.9569778281419,C00148,Name_C00148
-928.6892237320856,-73.99252511748949,C00149,Name_C00149
302.098669303661,-969.8321851782898,C00150,Name_C00150
-61.20439881390803,-446.7856942655336,C00151,Name_C00151
415.98966927134813,-581.703951459051,C00152,Name_C00152
-938.6824644293289,-272.82113657594516,C00153,Name_C00153
754.0859592321373,819.0835296128649,C00154,Name_C00154
-709.5575841657345,-279.52456343509476,C00155,Name_C00155
-312.48884820117377,296.12074988193706,C00156,Name_C00156
87.63373053923766,-129.35936996383947,C00157,Name_C00157
375.5090792391697,-11.938438690707756,C00158,Name_C00158
220.09627379145314,-858.8273306373906,C00159,Name_C00159
125.66287945522467,-897.4834866450842,C00160,Name_C00160
383.2954509707753,-574.0203558283484,C00161,Name_C00161
819.5742964080636,767.7778762697704,C00162,Name_C00162
-797.7678174971708,587.9242444702194,C00163,Name_C00163
-228.65844053799847,600.2803503971782,C00164,Name_C00164
-46.71561767978737,-107.47811682378332,C00165,Name_C00165
748.5640492165331,919.5787641966649,C00166,Name_C00166
-388.6138342633175,-658.0262496929731,C00167,Name_C00167
372.6834300281721,-114.07315293542578,C00168,Name_C00168
-597.6630982427515,-650.0601596368261,C00169,Name_C00169
-203.6357740543895,16.43971549136046,C00170,Name_C00170
497.1323204557553,-401.382266532069,C00171,Name_C00171
-838.9236729872083,813.7548501104723,C00172,Name_C00172
-615.9048691074248,1031.904871045878,C00173,Name_C00173
-378.87014725704273,106.40061463453489,C00174,Name_C00174
845.2822355904419,900.5334409206115,C00175,Name_C00175
-953.0267606156344,-525.6996596584005,C00176,Name_C00176
-585.8213330405003,-123.12261872196768,C00178,Name_C00178
438.37466440179816,638.649475429335,C00180,Name_C00180
-67.18938554407602,-13.593766102883748,C00181,Name_C00181
473.90489190114283,429.77285948809185,C00182,Name_C00182
427.89544589351965,532.5355653480318,C00183,Name_C00183
871.9541826575563,804.8705711612404,C00184,Name_C00184
133.38169507764417,258.2105206745746,C00185,Name_C00185
-1013.7008413760971,-599.8331905415005,C00186,Name_C00186
-776.4966089454816,-563.6183718484697,C00187,Name_C00187
-773.6017684029657,500.1340983884323,C00188,Name_C00188
850.6358884363045,390.190935943779,C00189,Name_C00189
394.82847426812066,208.0713170609789,C00190,Name_C00190
-220.8425100824979,303.5850269972642,C00191,Name_C00191
-661.4128273171789,984.3952287939173,C00192,Name_C00192
-692.4798386766605,-985.5291968848611,C00193,Name_C00193
646.3084719088724,353.62440267425603,C00194,Name_C00194
-237.2042126607053,28.584558053711874,C00195,Name_C00195
-350.9265777985709,-786.0887367581356,C00196,Name_C00196
226.74062780126417,-562.6217432925002,C00197,Name_C00197
-706.7051955445289,257.23072175943713,C00198,Name_C00198
492.08085249529995,-963.7919358965017,C00199,Name_C00199
-853.1127409075102,-838.6730417105642,C00200,Name_C00200
-134.13156825434143,902.8603165671622,C00201,Name_C00201
-14.046671717473089,-183.09997451960996,C00202,Name_C00202
44.21256148910988,-96.34897362286036,C00203,Name_C00203
443.88545254430636,-873.8735550744992,C00205,Name_C00205
-97.76336994323825,425.0106277986859,C00206,Name_C00206
-458.9417295592399,-359.2341159677247,C00207,Name_C00207
964.6450332665344,-247.80957657822194,C00208,Name_C00208
906.7827108012793,632.593803580101,C00209,Name_C00209
623.0077556170024,-490.7854273512938,C00210,Name_C00210
-425.03008702142506,37.15474134550234,C00211,Name_C00211
450.53524749175807,571.1754775148598,C00212,Name_C00212
112.00850310487232,964.0844450246949,C00213,Name_C00213
625.1444488171635,-921.2931553310048,C00214,Name_C00214
33.8020979675038,58.491648730132006,C00215,Name_C00215
-670.8807935234555,71.52603697896609,C00216,Name_C00216
-634.1860120370932,890.2290023043095,C00217,Name_C00217
-746.1881060047796,-362.14838206695356,C00218,Name_C00218
-524.441283043426,357.15957332709695,C00219,Name_C00219
-0.04587533530468235,592.9316451563058,C00220,Name_C00220
211.02913358244948,182.70278647031063,C00221,Name_C00221
819.5619620857501,-743.1603410638321,C00223,Name_C00223
95.20890874263051,411.89804223460584,C00224,Name_C00224
38.29553862244512,77.14258898780614,C00225,Name_C00225
457.6107105859558,-667.0845921894667,C00226,Name_C00226
-148.17935308998014,-698.5916354834195,C00227,Name_C00227
-42.36413910086185,614.3071372057148,C00228,Name_C00228
-704.4599072075457,-144.48481791217972,C00229,Name_C00229
54.63616027281457,539.6643767183789,C00230,Name_C00230
-393.91001559749895,-360.03534603502504,C00231,Name_C00231
-371.2304094238557,-122.10093395456425,C00232,Name_C00232
948.4211380022444,653.832579801895,C00233,Name_C00233
93.78736044941763,378.7860816320173,C00234,Name_C00234
-759.2434391989713,785.8405315734637,C00235,Name_C00235
490.90678550136215,-1037.6718323018915,C00236,Name_C00236
404.70635124422824,-565.324868829956,C00237,Name_C00237
520.8762898489035,957.9235104103086,C00238,Name_C00238
197.92107174333637,445.7002028206966,C00239,Name_C00239
480.64384343182223,-253.73682486430144,C00240,Name_C00240
879.9393465713983,-873.1790194047115,C00241,Name_C00241
895.0612350452561,639.8149724489016,C00242,Name_C00242
938.4367562494974,-285.84231369871554,C00243,Name_C00243
763.4170058417717,640.5308543743131,C00244,Name_C00244
539.6044358525485,-716.7134329997923,C00245,Name_C00245
-533.2956215098878,784.9676516580628,C00246,Name_C00246
-748.0173255511484,-298.78110293908753,C00247,Name_C00247
-848.7419628140161,-899.3621731985941,C00248,Name_C00248
346.75897809143476,802.4901779818894,C00249,Name_C00249
-1035.2369032099584,276.3728879173073,C00250,Name_C00250
-725.429896360276,312.5376996084641,C00251,Name_C00251
-16.079633474212365,-423.490571479575,C00252,Name_C00252
-307.0269729466326,896.220059171977,C00253,Name_C00253
-128.75248019964204,-592.1545356873588,C00255,Name_C00255
77.92656112620877,706.7816110977734,C00256,Name_C00256
-688.4427439768695,622.8910847800462,C00257,Name_C00257
147.24589485146265,-251.54048712209087,C00258,Name_C00258
-118.72549568331137,696.6846285829795,C00259,Name_C00259
-288.03006429582047,-287.1307567597346,C00260,Name_C00260
-477.18047170042894,-940.2828179211217,C00261,Name_C00261
530.702649005502,-1014.4979113004522,C00262,Name_C00262
-959.4345407677279,-229.89648906229283,C00263,Name_C00263
-1007.2882028943949,734.9484398474739,C00264,Name_C00264
32.89598487991569,38.88866748281417,C00265,Name_C00265
-141.70712944844652,683.4528989333634,C00266,Name_C00266
282.0288899794474,524.914392133697,C00267,Name_C00267
-971.2988642552832,-715.5063642155365,C00268,Name_C00268
778.6098661474622,-569.5929735229698,C00269,Name_C00269
-735.8732782717226,-827.7389215949232,C00270,Name_C00270
170.0209250770763,-363.9923234677611,C00271,Name_C00271
-186.96008532211246,-653.6960080999262,C00272,Name_C00272
471.1930843975854,-472.05854373519117,C00273,Name_C00273
-957.7385590939629,-88.77099568444346,C00274,Name_C00274
874.6827415858356,388.2119609728522,C00275,Name_C00275
930.9006694718182,851.8327560319672,C00276,Name_C00276
-761.8791755942761,-540.5289170902262,C00277,Name_C00277
-398.6729426812105,992.6294037818702,C00278,Name_C00278
82.51638518428011,795.3669596671842,C00279,Name_C00279
-260.4703967000562,427.8280884911299,C00280,Name_C00280
-72.8970664908544,-41.58632218031694,C00281,Name_C00281
-808.8387091999699,-366.0986243452336,C00282,Name_C00282
-571.6800821178787,622.0962730425712,C00283,Name_C00283
-796.5131270926905,212.6758347192893,C00284,Name_C00284
876.391441998545,453.3966497072153,C00285,Name_C00285
263.1575992304587,-444.4025409070698,C00286,Name_C00286
411.26063249754276,-739.8526059816229,C00287,Name_C00287
318.1536886425252,-51.45525249529493,C00288,Name_C00288
331.6638749021841,-63.485660843704515,C00289,Name_C00289
247.5459944365541,-533.2693474400814,C00290,Name_C00290
-401.5410987136104,423.95945128352196,C00291,Name_C00291
931.7590858602339,-411.49508682624656,C00292,Name_C00292
-255.86536687573397,-968.8949621504665,C00293,Name_C00293
19.647814252445173,12.927791008124728,C00294,Name_C00294
-543.9906418264391,137.11342701215062,C00295,Name_C00295
-848.6741754934214,68.51020671525862,C00296,Name_C00296
766.6691058172589,93.50873223451842,C00297,Name_C00297
-756.4011763222843,-64.36524332642468,C00298,Name_C00298
66.56530197312482,-874.2068513669763,C00299,Name_C00299
493.8299337066393,-518.55588602464,C00300,Name_C00300
-816.2305810114011,207.70116965762384,C00301,Name_C00301
-463.91823109056173,-45.63467982387214,C00303,Name_C00303
691.9548553743969,406.7599183644615,C00305,Name_C00305
-423.9092751371409,924.5528210620183,C00306,Name_C00306
-835.482523862337,-355.309186892051,C00307,Name_C00307
930.6911565598716,-16.33263977445867,C00308,Name_C00308
-683.0065554254303,-571.5971766514778,C00309,Name_C00309
-420.9004935519823,-675.8996666246484,C00310,Name_C00310
-161.35095209068078,3.8813461083923304,C00311,Name_C00311
860.8988691747174,-639.3965381570677,C00312,Name_C00312
313.5670473538293,77.87050580830508,C00313,Name_C00313
950.6405294293403,96.68806811058536,C00315,Name_C00315
-542.5063945403269,-569.953628445119,C00316,Name_C00316
649.656298232991,375.94608393066034,C00318,Name_C00318
-890.7160440521229,-764.1480263528506,C00319,Name_C00319
-305.80125952576054,-370.6273006055798,C00320,Name_C00320
73.51778627231374,562.5944372495436,C00321,Name_C00321
-914.6686309555053,890.9165767711277,C00323,Name_C00323
45.34442636872958,762.31248693691,C00324,Name_C00324
-88.17686837079147,1020.4581170131646,C00325,Name_C00325
370.71853683036215,-120.83819223889672,C00326,Name_C00326
-1024.7168790101948,668.2389363075874,C00327,Name_C00327
732.982239397287,-154.14183737215694,C00328,Name_C00328
219.20435850941945,549.1811316904582,C00329,Name_C00329
423.1832854351195,306.41943434435115,C00330,Name_C00330
-566.6399965948493,-405.79459056418534,C00331,Name_C00331
-824.207215634128,209.52647846672014,C00332,Name_C00332
-84.94394954187652,339.5672120409948,C00333,Name_C00333
147.74831599319913,302.1153882368079,C00334,Name_C00334
-85.72972460554509,496.82188693391697,C00335,Name_C00335
771.3857672535177,-426.1099559852425,C00336,Name_C00336
756.304446823024,-643.6273624592659,C00337,Name_C00337
940.6937293373878,-733.859670098362,C00338,Name_C00338
588.7901253970831,181.43127464348248,C00339,Name_C00339
-325.13079791334536,-240.8695604380996,C00340,Name_C00340
638.0850241068956,264.6667318766644,C00341,Name_C00341
-324.08846973303537,-18.385715165747442,C00342,Name_C00342
-225.01624506142696,818.4662865399079,C00344,Name_C00344
-234.7781744160106,813.3692820711068,C00345,Name_C00345
245.87304198693903,-404.47353614391096,C00346,Name_C00346
443.1121621219497,-614.064980891751,C00347,Name_C00347
756.4217252623082,460.59714961751183,C00348,Name_C00348
-422.6564074213645,387.08154893112203,C00349,Name_C00349
-979.3697454460635,-746.2219308170053,C00350,Name_C00350
-630.6756669428374,912.9156709504224,C00351,Name_C00351
-860.3127765314609,-591.4501594433689,C00352,Name_C00352
441.230429452065,307.0747524298871,C00353,Name_C00353
145.41318704033813,538.7426138056577,C00354,Name_C00354
566.4206200380422,986.6691316124151,C00355,Name_C00355
-215.44781212560534,-408.9355254703605,C00356,Name_C00356
-145.22886200212318,157.57876418916402,C00357,Name_C00357
-94.29076610891562,-878.7190319490824,C00358,Name_C00358
225.33442708047897,365.12678682872524,C00359,Name_C00359
-457.1093757643929,645.1442396807134,C00360,Name_C00360
-202.26368316374104,405.32519615078155,C00361,Name_C00361
-287.81365631108605,-614.7437683416292,C00362,Name_C00362
210.39297153294225,-592.2162120940592,C00363,Name_C00363
-454.0780418575964,-394.20389693972237,C00364,Name_C00364
77.96861848609225,-189.4010546597305,C00365,Name_C00365
-760.5561269445863,-665.4076244452358,C00366,Name_C00366
-443.150971374858,646.3261677741945,C00367,Name_C00367
-185.14015367834244,337.203046243034,C00368,Name_C00368
-18.075168620961783,795.1278247275746,C00369,Name_C00369
117.20524059082634,324.13700495068383,C00370,Name_C00370
304.31344028355943,-479.5417199341728,C00371,Name_C00371
854.6940804347049,-320.1300689852183,C00373,Name_C00373
226.8224201267361,-939.4860055809022,C00374,Name_C00374
437.0102141117937,-598.885290023566,C00375,Name_C00375
-801.1537860566322,1003.6063435220374,C00376,Name_C00376
528.7058487933234,747.8805825524746,C00378,Name_C00378
1013.4328289521353,367.3249890657326,C00379,Name_C00379
837.0634624132331,-288.220827935886,C00380,Name_C00380
533.1525039001593,-530.4061222493383,C00381,Name_C00381
-577.004599346203,-894.6759586333325,C00382,Name_C00382
-680.2814936411598,279.84366282165007,C00383,Name_C00383
780.8179741549774,363.6741493853821,C00384,Name_C00384
-227.38929792395172,-490.9644939324481,C00385,Name_C00385
-34.15753140481236,-734.9916762047934,C00386,Name_C00386
-292.9376960363963,354.7523384578192,C00387,Name_C00387
188.68020557020236,547.2442454126063,C00388,Name_C00388
496.1832896748791,817.7651489621632,C00389,Name_C00389
-129.0739036949045,673.3850897562197,C00390,Name_C00390
261.89387703958465,-764.2339202286203,C00391,Name_C00391
-589.9288369379103,773.7068137377989,C00392,Name_C00392
-452.85850641403755,-363.65742904327715,C00394,Name_C00394
-782.6825650802955,-635.7069796523823,C00395,Name_C00395
-955.6637748544133,819.0267757925935,C00396,Name_C00396
548.118662842912,-859.3169905068113,C00397,Name_C00397
779.6116260542921,-567.264215955696,C00398,Name_C00398
-425.3738888472482,-720.5772838782837,C00400,Name_C00400
-705.3805380955085,951.8633156182442,C00401,Name_C00401
368.7848228580906,377.2627706016535,C00402,Name_C00402
570.0245699579176,404.46432057327803,C00403,Name_C00403
96.4308034453521,36.84840796639343,C00404,Name_C00404
-866.4402546415703,-217.75750254183782,C00405,Name_C00405
23.576845601062157,861.1443056111215,C00406,Name_C00406
652.8488465705216,-142.78537967487887,C00407,Name_C00407
526.4452003587234,963.3573303339201,C00408,Name_C00408
-10.582862503411604,-563.3233351073252,C00409,Name_C00409
491.93326069834893,-38.21306526013282,C00410,Name_C00410
298.45673793055687,399.54548311268275,C00411,Name_C00411
-472.20037462976734,45.547194439833305,C00412,Name_C00412
732.3065400075413,742.1059144816153,C00414,Name_C00414
843.4707269947479,-641.7126203538766,C00415,Name_C00415
-447.7405378809665,-492.8399865396942,C00416,Name_C00416
267.5004780075551,-824.3996349148513,C00417,Name_C00417
418.17231088655086,-343.74135502553696,C00418,Name_C00418
807.753781055943,-587.0115763495553,C00419,Name_C00419
-523.1043577143253,529.4799296885445,C00420,Name_C00420
-166.96135875504734,-501.0273778965543,C00421,Name_C00421
-451.7944085649349,136.0687493450257,C00422,Name_C00422
922.9569063836573,178.1426315232464,C00423,Name_C00423
325.93246538214424,857.7089075315,C00424,Name_C00424
-297.082012240167,143.94358421790943,C00425,Name_C00425
-27.616962323128625,-665.5551893916114,C00426,Name_C00426
636.1352031521603,1039.202661011982,C00427,Name_C00427
159.0469202224226,-300.24611441265694,C00428,Name_C00428
749.1927045166924,-541.6836059904496,C00429,Name_C00429
888.7500837744586,800.6624113161039,C00430,Name_C00430
-230.98439589607176,924.1829642908882,C00431,Name_C00431
-513.9200819742091,322.774062041495,C00433,Name_C00433
722.5930304030577,145.22883453840362,C00434,Name_C00434
-481.7209178723084,-878.072427497083,C00435,Name_C00435
-879.275031135357,-718.7625038205724,C00436,Name_C00436
38.95981242837786,-255.03025541425092,C00437,Name_C00437
481.21351443618477,877.1729025875652,C00438,Name_C00438
973.2688225359695,-252.47230959985632,C00439,Name_C00439
455.9512893860658,-399.2654626390515,C00440,Name_C00440
979.6543089071785,71.70071309922484,C00441,Name_C00441
430.7057513888883,960.3954517312553,C00442,Name_C00442
468.7902576566892,-458.14841873555696,C00443,Name_C00443
82.75345356298607,57.67093771776635,C00444,Name_C00444
-317.18117977269276,631.3427107585857,C00446,Name_C00446
722.4683532504055,524.9244813851968,C00447,Name_C00447
848.3725202634474,-607.5907913033726,C00448,Name_C00448
202.5854168627951,-744.9775268990201,C00449,Name_C00449
-310.8357541963047,791.9043394489512,C00450,Name_C00450
-939.3398438636581,192.11814323252958,C00451,Name_C00451
-430.8633585169364,831.5438785732881,C00452,Name_C00452
-358.55417513722784,-335.11563676888807,C00453,Name_C00453
-706.1583345983291,867.9709935849232,C00454,Name_C00454
860.8916298615651,529.0050632392039,C00455,Name_C00455
-607.6315922425073,364.7458880196762,C00456,Name_C00456
-299.0456795669337,-116.59126759457726,C00457,Name_C00457
-932.7481361398573,-703.4308508252476,C00458,Name_C00458
256.3018266392876,-57.65531290539415,C00459,Name_C00459
698.1081699417185,-2.312682260032787,C00460,Name_C00460
899.3454635221924,-708.3457590652768,C00461,Name_C00461
-470.005979166921,335.6723999023875,C00462,Name_C00462
973.1661104405836,-430.12061500750576,C00463,Name_C00463
740.1285869654074,1033.419835177769,C00464,Name_C00464
953.9483076914062,397.6905380203225,C00465,Name_C00465
-708.3579682938046,421.53656426340183,C00466,Name_C00466
759.625840743557,912.9864273701321,C00467,Name_C00467
82.59672456822257,-936.6904198672652,C00468,Name_C00468
-161.69376885400047,-810.0298819009387,C00469,Name_C00469
-269.91387202241293,-695.7836355193486,C00470,Name_C00470
-122.02202360048278,-664.7370089268245,C00472,Name_C00472
406.81786955216256,387.98846247406703,C00473,Name_C00473
-279.24958589130034,-764.0308628467991,C00474,Name_C00474
667.6919932174624,-839.0564767612726,C00475,Name_C00475
-429.1121180974884,-172.95146796496817,C00476,Name_C00476
690.3889133747284,168.4253731934358,C00477,Name_C00477
-514.8350065450325,176.36692925951255,C00478,Name_C00478
-800.2703037002517,975.1821352484757,C00479,Name_C00479
940.4186384518439,74.95198610165382,C00480,Name_C00480
479.36580700268485,-28.750654171718914,C00481,Name_C00481
-508.63771046926075,860.1711321793673,C00482,Name_C00482
-1043.039949611779,1001.7312725014825,C00483,Name_C00483
-97.87287847690291,811.3677220060646,C00484,Name_C00484
-900.0114164249632,213.0143127458468,C00485,Name_C00485
-470.3001184456216,-632.3414245765998,C00486,Name_C00486
-954.7989597734188,558.9330808071311,C00487,Name_C00487
741.5124692687991,947.7337445377117,C00488,Name_C00488
-660.409663932038,314.60429849784515,C00489,Name_C00489
674.2080536956972,-227.37872792372306,C00490,Name_C00490
-320.6218349902162,-524.0624306588445,C00491,Name_C00491
545.5841672424438,-128.66161004037644,C00492,Name_C00492
637.6658734304489,347.5924716255902,C00493,Name_C00493
620.8712102307305,454.7194077676752,C00495,Name_C00495
188.70408415788873,-231.5445000503731,C00496,Name_C00496
581.7467987390356,411.3589710645938,C00497,Name_C00497
-10.944539466349745,516.0380574974528,C00498,Name_C00498
397.82265852821905,-82.45592694719198,C00499,Name_C00499
-766.2573207835499,-535.1953131487855,C00500,Name_C00500
-122.63974649269505,318.27746734293294,C00501,Name_C00501
626.030607811198,582.0608961180395,C00502,Name_C00502
918.9409691714718,629.415612809463,C00503,Name_C00503
566.6427416730987,-734.2885988488182,C00504,Name_C00504
-522.6399616726053,121.3460033989621,C00505,Name_C00505
-471.6906932688068,-290.78540237324216,C00506,Name_C00506
819.3926069891419,-936.9595987883105,C00507,Name_C00507
-502.87743225841314,1061.8833051872678,C00508,Name_C00508
76.18613420220059,-134.77408935934972,C00509,Name_C00509
-654.3575200924204,5.869173332430815,C00510,Name_C00510
-741.6179337349859,-672.8950537325707,C00511,Name_C00511
-847.9113175252303,-518.7431365222461,C00512,Name_C00512
160.0078262519636,964.2752952969905,C00513,Name_C00513
-824.7839363214432,999.041326362923,C00514,Name_C00514
-719.5054911683916,749.047188816149,C00515,Name_C00515
-520.0907032988266,-102.85865011277824,C00516,Name_C00516
-442.14286448914584,748.2857380851779,C00517,Name_C00517
818.0477321320267,625.0250024907441,C00518,Name_C00518
-132.81218527959845,-507.7012938442309,C00519,Name_C00519
482.3316795652648,-61.07991791499134,C00520,Name_C00520
-601.7507138673125,204.39646596219538,C00521,Name_C00521
-622.2584808600257,-786.783625426918,C00522,Name_C00522
530.0869492332788,-872.4886120248949,C00523,Name_C00523
-380.6141139041779,14.033348960682417,C00524,Name_C00524
-827.1483914079741,601.9520755587564,C00526,Name_C00526
-616.2901990919706,590.415556511296,C00527,Name_C00527
90.46672043914721,342.024342875912,C00529,Name_C00529
-989.7772313128526,-585.6814294217536,C00530,Name_C00530
-185.30009412066823,46.29667138835953,C00531,Name_C00531
-1039.6563039938692,-265.2688280129401,C00532,Name_C00532
286.7259484467771,-826.8544006130705,C00533,Name_C00533
904.6669775766655,4.736854771295448,C00534,Name_C00534
-551.9002271796469,-538.7189878725954,C00536,Name_C00536
-284.46421610190316,194.266084266475,C00537,Name_C00537
958.8285139572666,942.9258729269886,C00538,Name_C00538
-806.3439097932651,101.67508283595765,C00539,Name_C00539
-129.15639775462907,360.6815853210294,C00540,Name_C00540
758.0652066374585,-642.9901215607664,C00541,Name_C00541
-922.0610049841879,494.22419121507767,C00542,Name_C00542
635.1792325056244,-752.7563743711798,C00543,Name_C00543
-834.2745648669677,738.8029230129356,C00544,Name_C00544
489.36443120092116,-830.746426839671,C00545,Name_C00545
278.1175978204138,-164.95762047899,C00546,Name_C00546
-524.7201657767972,259.29854456962937,C00547,Name_C00547
-4.864425424099153,737.0486014448367,C00548,Name_C00548
-916.8812799582104,339.2047526676577,C00549,Name_C00549
-899.2824282804572,-458.53496005788713,C00550,Name_C00550
333.3759277827059,805.9768511982058,C00551,Name_C00551
-756.1320064670426,-371.40818653444893,C00552,Name_C00552
-866.9721064866102,112.52832294891076,C00553,Name_C00553
611.1146856279851,575.9369859058402,C00554,Name_C00554
1026.939864634951,-846.3568673370004,C00555,Name_C00555
-142.75521108264212,831.8205200978284,C00556,Name_C00556
-865.5046617776756,934.9516082181914,C00557,Name_C00557
357.8549186391186,-712.3153054136998,C00558,Name_C00558
-247.23782302328092,-182.1482484993484,C00559,Name_C00559
-813.9018386574636,-14.41910256569166,C00560,Name_C00560
159.0881067414608,599.1191643332935,C00561,Name_C00561
-957.9762453955124,171.44524581288354,C00562,Name_C00562
-108.45265632124557,215.24854404777912,C00563,Name_C00563
552.4051662895642,-441.9440164657203,C00564,Name_C00564
345.8891068752493,-977.4448909997233,C00565,Name_C00565
-112.74253798954348,-190.1286903308113,C00566,Name_C00566
504.3957891232262,602.260922077999,C00567,Name_C00567
570.6242496836711,-26.43284578615473,C00568,Name_C00568
-349.9787289423797,-483.08810585127486,C00569,Name_C00569
-155.31343459929136,706.0308303774824,C00570,Name_C00570
-484.6138167773335,369.4638510537548,C00572,Name_C00572
-1031.2448878763175,738.6628190277921,C00573,Name_C00573
-487.98515455967924,-692.6494680981552,C00574,Name_C00574
727.0237196484254,-277.6350070662516,C00575,Name_C00575
643.7904974067861,438.39162603557037,C00576,Name_C00576
-93.95487664225902,853.1363012394086,C00577,Name_C00577
-546.0038610620626,-77.48859942634614,C00578,Name_C00578
-606.5605595946025,-529.8871722462984,C00579,Name_C00579
564.0681870558808,708.7864295267473,C00580,Name_C00580
163.8904155939718,-939.6660224620925,C00581,Name_C00581
-441.34298340747205,-357.16234577715295,C00582,Name_C00582
-550.681621373746,-243.91500345858591,C00583,Name_C00583
204.1358742551096,-972.4781272794054,C00584,Name_C00584
439.3142051806713,-568.7321360174321,C00585,Name_C00585
-943.4530422278204,952.4748692162466,C00586,Name_C00586
148.11507948361512,-278.78629103085973,C00587,Name_C00587
-986.3268651018238,-60.59662819592501,C00588,Name_C00588
691.4334023644224,841.1100214208188,C00589,Name_C00589
60.58038537043872,-0.16383969563259626,C00590,Name_C00590
9.857251494546743,-415.83547039504566,C00591,Name_C00591
766.1466650956635,-1101.8619215602714,C00592,Name_C00592
-979.9955307821048,837.1649315199683,C00593,Name_C00593
138.08271580091372,289.86682610545756,C00594,Name_C00594
353.3031650034993,774.0068943409374,C00595,Name_C00595
454.4630358538873,76.59035987234974,C00597,Name_C00597
-601.0020350990111,360.8040448663943,C00598,Name_C00598
-850.4119753744222,-546.7784030877011,C00600,Name_C00600
255.4857747678415,231.71171035319563,C00601,Name_C00601
-850.7718435662663,-954.0767642717449,C00603,Name_C00603
646.5725617243513,-207.36085747954485,C00604,Name_C00604
-839.2433880153786,-19.51186080700583,C00605,Name_C00605
751.3511336068499,-639.4512995381316,C00606,Name_C00606
-154.21405652166797,502.45865671857297,C00607,Name_C00607
873.9590443430571,-794.1188335007852,C00608,Name_C00608
616.5090892007827,410.1223109222062,C00610,Name_C00610
517.6758564126889,558.4407985895905,C00611,Name_C00611
589.1979867721997,831.1232962777601,C00612,Name_C00612
-141.82603932298198,-446.62448387177534,C00613,Name_C00613
-404.31133337632474,-651.818132908419,C00614,Name_C00614
678.6068036492729,-85.55208089871641,C00615,Name_C00615
-387.9611447973887,-883.9754309791664,C00616,Name_C00616
217.87851340714758,34.824042064123944,C00617,Name_C00617
455.4805171340235,-312.8319062278869,C00618,Name_C00618
568.2405506262118,191.4187470787405,C00619,Name_C00619
-940.3818282957582,495.98267323390667,C00620,Name_C00620
-334.8259301281754,-598.4316336003185,C00621,Name_C00621
639.3758684470259,-24.661469634050647,C00622,Name_C00622
274.34741035138296,78.62156613176487,C00623,Name_C00623
-801.3761852358978,397.44204501370757,C00624,Name_C00624
-760.6040660357914,891.5978810819557,C00625,Name_C00625
739.6580048414789,-904.2888903152966,C00626,Name_C00626
243.29254029762242,-741.7764741679254,C00627,Name_C00627
340.00017360119455,805.7324359632275,C00628,Name_C00628
0.8116867722731911,887.3212952548223,C00629,Name_C00629
861.3556695989633,519.9878610046536,C00630,Name_C00630
947.4227124121445,595.759267924737,C00631,Name_C00631
-781.9389475220386,-114.30068897599422,C00632,Name_C00632
-518.149961190911,685.371636454114,C00633,Name_C00633
461.37903698723375,860.3022187098597,C00634,Name_C00634
-905.4433385930839,-410.1562746010556,C00635,Name_C00635
-691.5274952731229,350.85755308913025,C00636,Name_C00636
-722.9751100248977,290.9508418657633,C00637,Name_C00637
16.181513326366954,-575.6086046661985,C00638,Name_C00638
-733.7514308758225,-931.0134391342549,C00639,Name_C00639
-786.657024429529,31.17394033591443,C00640,Name_C00640
-349.02930406307945,312.2430617854032,C00641,Name_C00641
306.8141135954042,114.50474845760668,C00642,Name_C00642
81.45084873300428,199.53580883853803,C00643,Name_C00643
-664.9835758890941,804.7522056281753,C00644,Name_C00644
-902.5193342651696,41.16573300494416,C00645,Name_C00645
-208.0811928924321,573.1311874631763,C00646,Name_C00646
13.499300230796472,-328.56920351942944,C00647,Name_C00647
-526.7937450766062,543.12024477799,C00648,Name_C00648
171.9195237473947,134.19735034847514,C00649,Name_C00649
-971.2888199149828,239.03450678047477,C00650,Name_C00650
363.3288372730125,-340.1638667401413,C00651,Name_C00651
211.68791241720916,-45.054501610146026,C00652,Name_C00652
-43.14991927453888,-1067.6575491018352,C00653,Name_C00653
94.09031702802139,-587.0099457098021,C00654,Name_C00654
-570.2502157547792,-713.7405843755367,C00655,Name_C00655
413.2917738948614,651.9986102924755,C00656,Name_C00656
-305.29062421564487,-13.394193814784515,C00657,Name_C00657
-379.04720995842086,-593.9168214279975,C00658,Name_C00658
-391.1591901264501,-151.62838448256383,C00659,Name_C00659
-939.5365278235636,-279.7635510710934,C00660,Name_C00660
507.4011368447185,681.2467531627692,C00661,Name_C00661
298.3170989893265,255.651518157309,C00662,Name_C00662
870.7819143503136,116.9738534912964,C00663,Name_C00663
-300.40644506346155,252.99415459665366,C00664,Name_C00664
141.25390772031824,-456.57275045465417,C00666,Name_C00666
-472.5261771395298,-916.3864958684272,C00667,Name_C00667
-509.9428529643735,469.38081471310045,C00668,Name_C00668
-548.4339244277692,378.3554687682673,C00669,Name_C00669
-38.84416724265895,-804.7831905174133,C00670,Name_C00670
637.9799581094154,-981.0713302250405,C00671,Name_C00671
-426.2080499403066,-378.56039742719224,C00672,Name_C00672
926.124270394176,699.1866055488823,C00673,Name_C00673
144.65970744623093,-131.96520203434892,C00674,Name_C00674
80.9098282700794,-10.525745323852242,C00675,Name_C00675
820.1038219582697,-181.21024503788038,C00677,Name_C00677
-819.9599081428487,209.18247199925656,C00678,Name_C00678
448.9326121008481,-472.10058725342594,C00679,Name_C00679
159.4407579610659,177.41936412876973,C00680,Name_C00680
316.8423496752377,-429.23830857496296,C00681,Name_C00681
-67.20644450295896,148.99336351266408,C00682,Name_C00682
189.11990379955873,-558.1445367355534,C00683,Name_C00683
931.909926476354,-340.70937988521104,C00684,Name_C00684
737.1759542189345,-670.3776030695503,C00685,Name_C00685
-168.12957205898078,394.7491297818862,C00686,Name_C00686
-591.2178876512749,217.0756953989346,C00687,Name_C00687
-313.6118068143687,-522.1311932837663,C00688,Name_C00688
-682.6361229208517,-195.6978994577163,C00689,Name_C00689
-92.7237405440772,440.87215081777185,C00690,Name_C00690
-505.5743767614216,-109.95256352698115,C00691,Name_C00691
8.089494721647998,-843.1212002151024,C00692,Name_C00692
74.86663669541154,-116.62820220466186,C00693,Name_C00693
-47.220856476247604,901.8713431029375,C00694,Name_C00694
-317.22615804258095,-412.9656634491865,C00695,Name_C00695
-715.3061029889751,-179.76202077928318,C00697,Name_C00697
-921.8372614768895,-317.9695057172388,C00698,Name_C00698
-124.81711779744737,895.9681804485713,C00699,Name_C00699
402.92214179727864,-586.1967193053788,C00700,Name_C00700
679.1407993687876,-413.0028493172172,C00701,Name_C00701
300.3404160999663,-972.2527396760136,C00702,Name_C00702
-863.1510498210035,-940.4401466788886,C00703,Name_C00703
-173.22483182134832,674.0457855075146,C00704,Name_C00704
-13.16087026114571,-437.26322985151677,C00705,Name_C00705
-475.27257301817923,281.3182622664051,C00706,Name_C00706
44.4708579399874,422.77551561210544,C00707,Name_C00707
-275.46767214552926,312.6902117168506,C00708,Name_C00708
-775.9656199100506,916.369834310589,C00709,Name_C00709
-764.4146541534003,-951.1101478373836,C00710,Name_C00710
308.4859833237314,4.306267364643503,C00711,Name_C00711
-927.4918115429974,465.21549826437445,C00712,Name_C00712
241.9777677104576,880.5554889384262,C00713,Name_C00713
-847.7864777171985,982.7857669825007,C00714,Name_C00714
347.623290366428,247.8010489410085,C00715,Name_C00715
39.432874599657055,-769.138031265246,C00716,Name_C00716
770.5936100477523,-993.099495171178,C00717,Name_C00717
-603.1162192898507,-585.3966284757312,C00718,Name_C00718
-144.59537274257735,-158.3523318992381,C00719,Name_C00719
593.0250922188944,896.6482052007458,C00720,Name_C00720
-363.0338893034172,171.40995943296593,C00721,Name_C00721
-239.81017618668196,672.8420241452919,C00722,Name_C00722
-356.766545283956,738.9169116817313,C00723,Name_C00723
-257.9739218937465,-178.46718906654928,C00724,Name_C00724
89.46852312582892,967.1209645432435,C00725,Name_C00725
185.91617275830038,124.94325506164398,C00726,Name_C00726
-957.4578236636684,-884.950067890422,C00727,Name_C00727
764.76049548091,-92.27752227816318,C00728,Name_C00728
-746.3243390839611,-831.8948645201168,C00729,Name_C00729
-253.2996218639985,-260.7415443569473,C00730,Name_C00730
302.5039043896128,-935.5400112254925,C00731,Name_C00731
371.6120859713527,-1010.2373476620494,C00733,Name_C00733
-88.49411281985635,-100.8562217543071,C00734,Name_C00734
905.9707367633567,249.59254550078728,C00735,Name_C00735
420.43216666281626,-505.5723604731749,C00737,Name_C00737
-627.4186085991229,-317.1817231825199,C00738,Name_C00738
162.39768539338365,-571.9609027679793,C00739,Name_C00739
-934.2432382923681,-322.8584153229735,C00740,Name_C00740
-218.39855504112364,314.9874849343064,C00742,Name_C00742
-878.8040519781116,379.0102921155392,C00743,Name_C00743
-659.0159573104321,192.6135585789192,C00744,Name_C00744
253.8152302916581,514.7827420049023,C00745,Name_C00745
756.99628318505,462.7721483747965,C00746,Name_C00746
-871.0192836375259,-255.2211547400656,C00747,Name_C00747
-804.3701377483619,-969.3525458613333,C00748,Name_C00748
756.4977196080439,-231.08654565020865,C00749,Name_C00749
747.8568206137469,-875.3693136726957,C00750,Name_C00750
417.82787846721504,-813.3706721075398,C00751,Name_C00751
87.41088774644211,-285.4865763856079,C00752,Name_C00752
-373.61757824450297,-115.66835531620926,C00753,Name_C00753
221.04027317799682,528.3780221457818,C00754,Name_C00754
846.2075247912201,-496.3181733686446,C00755,Name_C00755
198.63499146736882,-558.0943857082602,C00756,Name_C00756
-428.3852047979094,-656.1609152590888,C00757,Name_C00757
492.76030460663947,683.741601433318,C00758,Name_C00758
-65.8749185137022,372.47787233431404,C00760,Name_C00760
416.1011837818101,506.1627010463918,C00762,Name_C00762
-325.4949357683645,16.187161439448076,C00763,Name_C00763
-502.4432383337729,-724.6322812087205,C00764,Name_C00764
-423.40966415244077,-641.9614187295201,C00765,Name_C00765
-886.9545463343711,-14.658371068562104,C00766,Name_C00766
-136.01921197399852,677.021432626335,C00767,Name_C00767
-401.51518534359286,889.3805604813014,C00768,Name_C00768
-885.4956551079213,-683.5241709946785,C00769,Name_C00769
-668.0207310258583,-596.3234145445273,C00770,Name_C00770
-282.3359358321896,-720.4662835648406,C00771,Name_C00771
175.11507551402852,-136.99502492974872,C00772,Name_C00772
13.322784009012587,-778.4939599097114,C00773,Name_C00773
262.73262581555434,-494.3217642019195,C00774,Name_C00774
-396.5259608536756,-866.8135495286461,C00775,Name_C00775
329.71353553128444,126.11356698287219,C00776,Name_C00776
-909.2367495627411,160.40972637823504,C00777,Name_C00777
-865.4304122309128,124.51862932930455,C00778,Name_C00778
-736.8300803235443,-121.94097130293643,C00779,Name_C00779
-98.15789244878833,-932.266321192501,C00780,Name_C00780
863.2238487400225,437.4951699259861,C00781,Name_C00781
-311.5844126777907,870.5087398721822,C00782,Name_C00782
-127.80462314977139,-382.6967658530918,C00783,Name_C00783
-463.69793040179945,254.92127260494485,C00784,Name_C00784
-119.00393232270031,481.519071621871,C00785,Name_C00785
35.62856234383893,231.31964495408673,C00786,Name_C00786
318.6451908519246,918.4266374713607,C00788,Name_C00788
771.2369364461408,-909.3163261584568,C00789,Name_C00789
355.0494703480159,259.82095644485,C00790,Name_C00790
644.9031159846287,-96.3043873568325,C00791,Name_C00791
740.1269888783543,-166.46699595518075,C00792,Name_C00792
-603.6273957801712,-675.2380889841212,C00793,Name_C00793
127.93866039384068,615.8201795985618,C00794,Name_C00794
859.6488450623872,-89.35225485584064,C00795,Name_C00795
-148.28084234594007,250.0431636784853,C00796,Name_C00796
-712.3484839186457,-106.9481712898315,C00797,Name_C00797
451.27155426875737,-652.6877519797875,C00798,Name_C00798
-600.50193992043,-907.2282657094224,C00799,Name_C00799
480.48503419364556,-121.06636516217286,C00800,Name_C00800
-543.7478616280771,282.4550167566423,C00801,Name_C00801
302.1538693699048,997.8753563261795,C00802,Name_C00802
645.6988705019672,646.5321911306323,C00803,Name_C00803
489.7936457252559,343.1074258471166,C00804,Name_C00804
-861.5106176970829,263.68026328051013,C00805,Name_C00805
219.93777928337704,-577.1298770832387,C00806,Name_C00806
265.8453552160571,317.1982614239555,C00807,Name_C00807
-959.7088405933443,-38.600035122544824,C00808,Name_C00808
-39.216531398634814,-487.2854871483413,C00809,Name_C00809
98.83700181567269,-544.4427959310772,C00810,Name_C00810
160.63503388275814,170.5312200431805,C00811,Name_C00811
-154.84384714887517,869.3261467482309,C00812,Name_C00812
-568.4160728449597,-842.12754756274,C00813,Name_C00813
-479.09196286152377,-1015.4555631887943,C00814,Name_C00814
-721.5250785929358,-639.6320919462579,C00815,Name_C00815
546.4865601391668,610.7081456880355,C00816,Name_C00816
-336.75769352995684,906.3512788316174,C00817,Name_C00817
680.6365198694921,682.9037086578379,C00818,Name_C00818
-229.8865630451842,-989.8979307468702,C00819,Name_C00819
673.0777442265005,-466.35505322779306,C00820,Name_C00820
499.05467357964403,548.5234292962414,C00821,Name_C00821
-824.2375424743141,-101.91916916456891,C00822,Name_C00822
538.4061532001493,-805.6632427834793,C00823,Name_C00823
285.9000472274472,-485.2444563272548,C00824,Name_C00824
244.329936777961,-104.53289043131593,C00825,Name_C00825
987.3781261858031,898.3714197441278,C00826,Name_C00826
236.10994294805027,383.548625253913,C00827,Name_C00827
72.20966033678604,-836.2444172972828,C00828,Name_C00828
526.3023517208096,593.1252080077181,C00829,Name_C00829
-43.79285181385334,706.806589988086,C00830,Name_C00830
734.2273748356287,-978.042580087839,C00831,Name_C00831
667.6050818278267,-6.02307210387206,C00832,Name_C00832
0.875248899475416,975.0688944301876,C00833,Name_C00833
-526.8036408016766,681.8626932335447,C00834,Name_C00834
16.959211653263722,296.8542907580728,C00835,Name_C00835
429.2279750765852,-213.86806745614285,C00836,Name_C00836
-755.584228339741,306.0546593365232,C00837,Name_C00837
-133.94185109460312,-403.7853641777833,C00839,Name_C00839
253.9138420285404,-915.262063238607,C00840,Name_C00840
150.95143165980448,812.4802643704755,C00842,Name_C00842
96.74332868057962,60.02005384862963,C00843,Name_C00843
232.44889052474048,-832.7805603440517,C00844,Name_C00844
579.3431828689418,1008.9123488619827,C00845,Name_C00845
-687.9362708823453,-835.8816471065936,C00846,Name_C00846
-604.601633382921,939.7005996868618,C00847,Name_C00847
894.5670014379454,801.1483370884083,C00848,Name_C00848
-353.26795136177344,160.17346954505717,C00849,Name_C00849
406.2476642840729,-14.449974337857128,C00850,Name_C00850
814.7172692461279,-759.622886934718,C00851,Name_C00851
-1047.8773297549637,577.6552769023997,C00852,Name_C00852
-1055.66261747046,-70.44887006439048,C00853,Name_C00853
-44.696474846042676,-5.1489686548400435,C00854,Name_C00854
-833.4631492069291,-703.6845370100076,C00855,Name_C00855
323.9475092708176,-308.48009167950056,C00856,Name_C00856
61.47103331365856,-195.1608786652284,C00857,Name_C00857
-638.7529247347944,733.6475122290542,C00858,Name_C00858
-126.07192330029063,-350.2727101901505,C00859,Name_C00859
-630.7824800266159,916.16911574776,C00860,Name_C00860
-505.1444594380132,719.7780684768661,C00861,Name_C00861
0.1902193929888778,510.0484921080034,C00862,Name_C00862
-75.48821242210408,-26.42925906724041,C00863,Name_C00863
-213.4093206946082,-799.8522394189858,C00864,Name_C00864
682.4220033536949,-582.9462000690404,C00865,Name_C00865
626.7082698828688,526.0206570322224,C00866,Name_C00866
570.8432084794897,-297.37615403651046,C00868,Name_C00868
86.89400016914902,713.4739099972878,C00869,Name_C00869
-858.9864626773413,-495.23850001663743,C00870,Name_C00870
855.5424704672879,-105.64538844368042,C00871,Name_C00871
907.1400282785589,-890.8182132860514,C00872,Name_C00872
-461.561007607046,-252.58741551204503,C00873,Name_C00873
431.0296800961893,958.6297101875696,C00874,Name_C00874
65.28991484501017,-89.41279356800709,C00875,Name_C00875
526.2178491742015,-126.48338060467549,C00876,Name_C00876
463.59695945971197,467.09578985293825,C00877,Name_C00877
-189.95341156546186,211.81960884797942,C00878,Name_C00878
952.6103501140308,328.9061742842456,C00879,Name_C00879
919.0938969305128,511.7063534688212,C00880,Name_C00880
-212.86043396025542,176.5753978426885,C00881,Name_C00881
-224.94233855926186,294.59068654623053,C00882,Name_C00882
888.2613481472894,-124.22269380133362,C00883,Name_C00883
-83.0562277262886,859.5081866332341,C00884,Name_C00884
-138.90842533965844,633.3321965486722,C00885,Name_C00885
-61.33556118045608,-761.0152384982027,C00886,Name_C00886
836.0041559301011,-673.7903628322241,C00887,Name_C00887
-177.4826477480814,865.9707814851391,C00888,Name_C00888
371.3605396755305,-882.4358924465897,C00889,Name_C00889
-248.3725391445313,-695.4536541828552,C00890,Name_C00890
159.93209998661555,713.6527966898244,C00891,Name_C00891
-234.07305975122753,327.974160159267,C00892,Name_C00892
-14.814523242480874,-523.8366020860791,C00893,Name_C00893
217.053764281372,-58.377740566488285,C00894,Name_C00894
-730.2293156840557,-926.0881611848174,C00895,Name_C00895
987.9171039071754,-941.5611520444733,C00896,Name_C00896
-215.60337801891137,-77.514989141918,C00897,Name_C00897
591.1183070034751,491.133595793786,C00899,Name_C00899
847.1121107167393,503.972328962638,C00900,Name_C00900
342.77867187068927,632.0717268417696,C00901,Name_C00901
-900.2009639493214,-470.3739859886818,C00902,Name_C00902
-66.06678184613801,221.18200217825154,C00903,Name_C00903
-199.06005024069106,-415.2533376459808,C00904,Name_C00904
318.79370213945583,315.3311444572829,C00905,Name_C00905
597.9147265216761,-122.3276684858687,C00906,Name_C00906
919.3363464611269,-780.3910023183128,C00907,Name_C00907
-579.7939909643269,-307.24997690574867,C00908,Name_C00908
-44.32770821421346,391.31438275641676,C00909,Name_C00909
-141.37400923107384,496.3783673549623,C00910,Name_C00910
822.9165955677018,-120.75864016163328,C00911,Name_C00911
-404.24415005711506,-618.5494805947307,C00912,Name_C00912
205.6925791452856,-777.9571621008245,C00913,Name_C00913
-542.4442117113069,-998.6411314258416,C00914,Name_C00914
604.1857967500766,-174.53322030002005,C00915,Name_C00915
858.0242119962179,-937.6199232615928,C00916,Name_C00916
980.2855545800514,-895.083969781162,C00917,Name_C00917
215.22125358963015,1098.6845971953735,C00918,Name_C00918
-311.2761606951745,618.0202082621086,C00919,Name_C00919
-187.73862032528496,1004.2682932689632,C00920,Name_C00920
791.9073280015259,-672.6049945556758,C00921,Name_C00921
923.720814243966,689.2189159137293,C00922,Name_C00922
-68.26146068142185,829.0545217049839,C00923,Name_C00923
-379.8991107876376,825.669388261862,C00924,Name_C00924
318.50615070236256,904.8110636317837,C00925,Name_C00925
211.65120590441958,208.78477149237148,C00926,Name_C00926
723.5164972868481,-76.54880293679234,C00927,Name_C00927
332.6256362773047,-231.53303753783376,C00928,Name_C00928
-134.78900739147537,-172.95396804874235,C00929,Name_C00929
-808.6989909839456,-398.90237782936254,C00930,Name_C00930
551.3024022400128,-732.0482510464353,C00931,Name_C00931
330.6812146647172,70.59883223460972,C00932,Name_C00932
-81.15710137268297,-268.2994742869942,C00933,Name_C00933
-485.41976132139666,309.12832459368167,C00934,Name_C00934
-486.93430980393737,-857.8535022128248,C00935,Name_C00935
-971.3466888564624,-675.650751494493,C00936,Name_C00936
-25.86138692329928,758.1803369601017,C00937,Name_C00937
-142.36210485736555,-185.9842238443308,C00938,Name_C00938
-160.925359353965,722.9623800795936,C00939,Name_C00939
-707.4683671765074,-559.832255489085,C00940,Name_C00940
-727.9129845299193,36.12461287084716,C00941,Name_C00941
-224.651102302227,-583.915342984063,C00942,Name_C00942
648.7396372992342,-974.1596657054739,C00943,Name_C00943
-208.06655854476435,194.73199103534574,C00944,Name_C00944
940.6676305887311,243.6399280933878,C00945,Name_C00945
437.433440188043,-488.01878356569955,C00946,Name_C00946
-693.5376663807244,-793.4230125177193,C00947,Name_C00947
167.11908088449528,547.6925434013094,C00948,Name_C00948
888.37413819174,-50.19718638285685,C00949,Name_C00949
840.5078353216526,-299.7723748911621,C00950,Name_C00950
275.3272819074684,511.331505306327,C00951,Name_C00951
-558.8941301299865,150.77005151296535,C00952,Name_C00952
224.2926475902242,-506.6224855463865,C00953,Name_C00953
-290.21360070753656,-739.1595180116092,C00954,Name_C00954
6.076628403786188,541.4297256989676,C00955,Name_C00955
878.8356537862802,-150.81923400699873,C00956,Name_C00956
-64.90375491883904,-115.61365184736013,C00957,Name_C00957
387.868954254277,330.79524327125165,C00958,Name_C00958
-838.1840589921892,306.15585053109777,C00959,Name_C00959
-496.8454147190376,373.2119784004379,C00960,Name_C00960
354.5286461844807,286.0004038141088,C00961,Name_C00961
-434.53581288833584,-274.9998732961004,C00962,Name_C00962
479.86346752019256,22.494119130824316,C00963,Name_C00963
790.0694860447462,-796.2023412303249,C00964,Name_C00964
147.22611486387441,442.2909663468604,C00965,Name_C00965
-905.3190366555401,823.850958498953,C00966,Name_C00966
-686.2922794117512,776.5656541734531,C00967,Name_C00967
-608.4583238227549,151.3710600532492,C00968,Name_C00968
472.85353412877487,508.50776305879486,C00969,Name_C00969
-82.21739912046363,780.500514942453,C00970,Name_C00970
913.7279905527048,933.6914002594934,C00971,Name_C00971
375.698603027949,-657.3068083642783,C00972,Name_C00972
-947.702510084705,-725.8330802262913,C00973,Name_C00973
-350.2549965157606,445.5156333334367,C00974,Name_C00974
-110.88120471868866,-243.78017082592524,C00975,Name_C00975
181.66222409169688,925.7185870631255,C00976,Name_C00976
497.3223925545524,-194.61523578523372,C00977,Name_C00977
-635.9267819431788,558.4520817728162,C00978,Name_C00978
-581.0664834081309,624.2801435096565,C00979,Name_C00979
-275.2489862716171,735.3857647796551,C00980,Name_C00980
252.5921053636435,-110.9303303117917,C00981,Name_C00981
912.5711631483234,51.01249647435169,C00982,Name_C00982
439.1078507686682,-75.7143057080049,C00983,Name_C00983
642.5112442347431,154.71855022302066,C00984,Name_C00984
177.44858552660799,501.9908879778187,C00985,Name_C00985
176.17748196170362,-281.8954253738093,C00986,Name_C00986
720.0923596487332,-883.4388991226176,C00987,Name_C00987
416.74293692955064,719.3775460653114,C00988,Name_C00988
-124.78825229271906,175.11735097252895,C00989,Name_C00989
610.3398496656276,-1049.8899323813125,C00990,Name_C00990
662.7256058776916,-1008.629104005264,C00991,Name_C00991
-898.6302660760756,520.3458824972384,C00992,Name_C00992
367.01584070435626,-419.6924500684303,C00993,Name_C00993
-342.2446875425403,-613.7788341197102,C00994,Name_C00994
550.3970729337979,-156.56948245036784,C00995,Name_C00995
807.4678459568862,-335.8287994891035,C00997,Name_C00997
96.71525818418485,-342.0504997135167,C00998,Name_C00998
-267.4760954890608,516.8975491783319,C00999,Name_C00999
-534.4795153930411,776.7767064200251,C01000,Name_C01000
